250m_Packet,250m_RSSI,250m_SNR,500m_Packet,500m_RSSI,500m_SNR,800m_Packet,800m_RSSI,800m_SNR,1000m_Packet,1000m_RSSI,1000m_SNR,1500m_Packet,1500m_RSSI,1500m_SNR,2000m_Packet,2000m_RSSI,2000m_SNR
1,0,12.25,1,-2,13.25,,,,,,,,,,,,
2,-1,12.25,2,-2,13.00,,,,,,,,,,,,
3,-1,12.50,3,-2,12.75,,,,,,,,,,,,
4,-1,12.00,4,-2,12.50,,,,,,,,,,,,
5,-1,12.25,5,-3,13.00,,,,,,,,,,,,
6,-1,12.25,6,-3,12.00,,,,,,,,,,,,
7,-2,12.75,7,-3,12.75,,,,,,,,,,,,
8,-1,12.25,8,-3,12.50,,,,,,,,,,,,
9,-1,12.50,9,-3,13.25,,,,,,,,,,,,
10,-1,12.25,10,-2,12.75,,,,,,,,,,,,
11,-1,12.25,11,-2,13.00,,,,,,,,,,,,
12,-1,12.25,12,-3,13.25,,,,,,,,,,,,
13,-1,12.50,13,-3,13.00,,,,,,,,,,,,
14,-1,12.25,14,-2,12.75,,,,,,,,,,,,
15,-1,12.00,15,-2,13.00,,,,,,,,,,,,
16,0,12.50,16,-5,12.50,,,,,,,,,,,,
17,-1,12.00,17,-5,12.50,,,,,,,,,,,,
18,-1,12.00,18,-5,13.00,,,,,,,,,,,,
19,-1,12.00,19,-5,12.75,,,,,,,,,,,,
20,-1,12.50,20,-5,12.75,,,,,,,,,,,,
21,-1,12.00,21,-5,12.75,,,,,,,,,,,,
22,-1,12.25,22,-5,12.75,,,,,,,,,,,,
23,-1,12.25,23,-5,13.25,,,,,,,,,,,,
24,-1,11.75,24,-5,12.75,,,,,,,,,,,,
25,-1,12.25,25,-5,12.75,,,,,,,,,,,,
26,-1,11.75,26,-5,12.50,,,,,,,,,,,,
27,-1,12.00,27,-5,12.75,,,,,,,,,,,,
28,-1,12.25,28,-5,12.75,,,,,,,,,,,,
29,-1,12.00,29,-5,12.75,,,,,,,,,,,,
30,-1,12.50,30,-5,13.25,,,,,,,,,,,,
31,-1,12.00,31,-5,12.75,,,,,,,,,,,,
32,-1,12.00,32,-5,12.50,,,,,,,,,,,,
33,-1,12.25,33,-5,13.00,,,,,,,,,,,,
34,-1,12.25,34,-5,13.00,,,,,,,,,,,,
35,-1,11.75,35,-5,12.25,,,,,,,,,,,,
36,-1,12.25,36,-5,12.75,,,,,,,,,,,,
37,-1,12.50,37,-5,12.75,,,,,,,,,,,,
38,-1,12.25,38,-5,13.00,,,,,,,,,,,,
39,-1,12.25,39,-5,13.25,,,,,,,,,,,,
40,0,12.75,40,-5,13.00,,,,,,,,,,,,
41,0,12.25,41,-5,12.50,,,,,,,,,,,,
42,-1,12.25,42,-5,13.00,,,,,,,,,,,,
43,0,12.25,43,-5,12.75,,,,,,,,,,,,
44,-1,12.25,44,-5,13.25,,,,,,,,,,,,
45,-1,12.25,45,-5,13.00,,,,,,,,,,,,
46,-1,11.75,46,-5,12.75,,,,,,,,,,,,
47,-2,12.50,47,-4,12.00,,,,,,,,,,,,
48,-1,12.75,48,-3,11.75,,,,,,,,,,,,
49,-1,12.50,49,-3,12.00,,,,,,,,,,,,
50,-1,12.50,50,-3,11.75,,,,,,,,,,,,
51,-1,12.50,51,-3,12.50,,,,,,,,,,,,
52,-1,12.50,52,-4,12.00,,,,,,,,,,,,
53,-2,12.25,53,-3,12.00,,,,,,,,,,,,
54,-1,12.25,54,-3,12.25,,,,,,,,,,,,
55,-2,12.50,55,-3,12.25,,,,,,,,,,,,
56,-2,12.75,56,-3,12.50,,,,,,,,,,,,
57,-1,12.50,57,-3,12.00,,,,,,,,,,,,
58,-1,12.00,58,-3,12.00,,,,,,,,,,,,
59,-1,12.75,59,-4,12.50,,,,,,,,,,,,
60,-1,12.50,60,-4,12.50,,,,,,,,,,,,
61,-1,12.25,61,-5,12.50,,,,,,,,,,,,
62,-1,12.50,62,-4,12.75,,,,,,,,,,,,
63,-1,12.50,63,-4,12.50,,,,,,,,,,,,
64,-1,12.25,64,-4,12.50,,,,,,,,,,,,
65,-1,12.25,65,-4,12.25,,,,,,,,,,,,
66,-1,12.50,66,-4,13.00,,,,,,,,,,,,
67,-1,12.50,67,-4,12.50,,,,,,,,,,,,
68,-1,12.75,68,-4,12.75,,,,,,,,,,,,
69,0,11.75,69,-4,12.25,,,,,,,,,,,,
70,-1,12.25,70,-4,12.50,,,,,,,,,,,,
71,-2,13.00,71,-4,12.25,,,,,,,,,,,,
72,-2,13.00,72,-4,12.25,,,,,,,,,,,,
73,-2,13.00,73,-4,12.50,,,,,,,,,,,,
74,-3,12.75,74,-4,12.75,,,,,,,,,,,,
75,-4,12.75,75,-3,12.50,,,,,,,,,,,,
76,-3,12.00,76,-3,12.00,,,,,,,,,,,,
77,-3,12.00,77,-3,12.50,,,,,,,,,,,,
78,-4,12.25,78,-3,12.25,,,,,,,,,,,,
79,-4,12.50,79,-3,12.50,,,,,,,,,,,,
80,-4,12.00,80,-4,12.00,,,,,,,,,,,,
81,-4,12.00,81,-3,12.25,,,,,,,,,,,,
82,-5,13.00,82,-3,12.50,,,,,,,,,,,,
83,-4,12.00,83,-3,12.25,,,,,,,,,,,,
84,-3,12.50,84,-3,12.50,,,,,,,,,,,,
85,-4,12.50,85,-4,12.25,,,,,,,,,,,,
86,-4,12.25,86,-3,12.50,,,,,,,,,,,,
87,-4,12.00,87,-3,12.00,,,,,,,,,,,,
88,-4,12.25,88,-3,12.50,,,,,,,,,,,,
89,-1,12.25,89,-3,12.00,,,,,,,,,,,,
90,-1,12.25,90,-3,12.25,,,,,,,,,,,,
91,-2,13.25,91,-3,12.75,,,,,,,,,,,,
92,-2,12.75,92,-3,12.25,,,,,,,,,,,,
93,-2,12.75,93,-4,11.75,,,,,,,,,,,,
94,-2,12.75,94,-4,11.75,,,,,,,,,,,,
95,-2,13.25,95,-3,12.50,,,,,,,,,,,,
96,-2,13.25,96,-4,12.50,,,,,,,,,,,,
97,-2,13.25,97,-3,12.50,,,,,,,,,,,,
98,-2,12.75,98,-4,12.00,,,,,,,,,,,,
99,-2,13.25,99,-4,12.50,,,,,,,,,,,,
100,-2,12.75,100,-4,11.75,,,,,,,,,,,,
